{
  "pipeline-gap-demo": {
    "pipeline": {
      "name": "pipeline-gap-demo",
      "title": "间隔区示例",
      "type": "组件的类型，用于展示组件库列表时分类展示 //TODO",
      "only": "组件是否在页面只能有唯一一个，不如分享组件 //TODO"
    }
  },
  "pipeline-header-demo": {
    "pipeline": {
      "name": "pipeline-header-demo",
      "title": "头部区示例",
      "type": "组件的类型，用于展示组件库列表时分类展示 //TODO",
      "only": "组件是否在页面只能有唯一一个，不如分享组件 //TODO"
    }
  },
  "pipeline-info-demo": {
    "pipeline": {
      "name": "pipeline-info-demo",
      "title": "信息区示例",
      "type": "组件的类型，用于展示组件库列表时分类展示 //TODO",
      "only": "组件是否在页面只能有唯一一个，不如分享组件 //TODO"
    }
  },
  "pipeline-weather-demo": {
    "pipeline": {
      "name": "pipeline-weather-demo",
      "title": "查询天气示例",
      "type": "组件的类型，用于展示组件库列表时分类展示 //TODO",
      "only": "组件是否在页面只能有唯一一个，不如分享组件 //TODO"
    }
  }
}