{
  "pipeline-gap-demo": {
    "backgroundColor": "#FFFF00",
    "textColor": "#000000",
    "text": "╮(＾ᴗ＾)╭",
    "height": 40
  },
  "pipeline-header-demo": {
    "title": "页面可视化搭建框架",
    "src": "https://avatars3.githubusercontent.com/u/38666040",
    "link": "https://github.com/page-pipepline"
  },
  "pipeline-info-demo": {
    "title": "框架特性",
    "infoList": [
      {
        "info": "可视化页面搭建框架"
      },
      {
        "info": "支持自由拓展页面组件"
      },
      {
        "info": "自定义页面可配置字段"
      },
      {
        "info": "模板工程/编辑器/后台服务解偶"
      }
    ]
  },
  "pipeline-weather-demo": {
    "city": "深圳"
  }
}